epoch,train_loss,val_loss,lr
1,0.00017563979933038354,0.0001650142902508378,0.001
2,0.0001602025088504888,0.00016504841070855036,0.001
3,0.00015804690518416464,0.00016022436291677878,0.001
4,0.00015375716460403055,0.00015682873723562807,0.001
5,0.00015087946940911933,0.0001500888806185685,0.001
