{
  "train_loss": [
    0.09548328634589276,
    0.018853096846253314,
    0.015238995564744827,
    0.013647296614548627,
    0.012850209396887333,
    0.012360266320645175,
    0.01106712627323701,
    0.010858706505771013,
    0.01025548612976328,
    0.010013761543767883,
    0.010359833175514607,
    0.009145070684756687,
    0.008204693207517266,
    0.008534893804685549,
    0.007721059455318337,
    0.006852136622678409,
    0.007287572192503733,
    0.006041409279358514,
    0.00587799502140347,
    0.00459397664699862,
    0.0039904700725914,
    0.003858918717943449,
    0.003557993465677855,
    0.003560298310711663,
    0.003492603521853527,
    0.0032622544367381548,
    0.0032581231888740305,
    0.0028438582828149515,
    0.0026105160433600874,
    0.002543075032472769,
    0.0024420652870445494,
    0.0023876770394557017,
    0.0022900049361657907,
    0.0022264085239433544,
    0.002079002720184941
  ],
  "train_loss_w": [
    0.007600302436448475,
    0.005095122954213715,
    0.003863235673015105,
    0.0031620731027400557,
    0.0029624968945504504,
    0.002775500152022281,
    0.002571433188116297,
    0.0025365186714012412,
    0.002371925485389743,
    0.0024150981012969574,
    0.002364544687109028,
    0.002272621231857053,
    0.002258379723222807,
    0.0022235716707964845,
    0.0021900677164283363,
    0.0020885341763595476,
    0.002174809171342628,
    0.0020703318357923406,
    0.001996874291588493,
    0.001885969298297262,
    0.0018170208254076066,
    0.0017766539760409518,
    0.0017370989179595353,
    0.0017132385611593566,
    0.0016856729907498873,
    0.001634056889204348,
    0.0015943592136844675,
    0.001484137709609213,
    0.0014240519240240944,
    0.0013990407225061604,
    0.0013565404645286183,
    0.0013043181797331,
    0.0012525300931264746,
    0.00121050113019474,
    0.0011404961975479617
  ],
  "train_loss_dei": [
    0.0878829842413518,
    0.013757973939101113,
    0.011375759891729722,
    0.010485223499423962,
    0.00988771249738304,
    0.009584766193392111,
    0.008495693040536122,
    0.008322187813315937,
    0.00788356063570431,
    0.0075986634622863,
    0.007995288472305587,
    0.006872449501199608,
    0.005946313511540598,
    0.00631132214131983,
    0.005530991715359244,
    0.004763602452511166,
    0.005112763048407245,
    0.003971077437373869,
    0.0038811207273380553,
    0.0027080073734705753,
    0.002173449253376098,
    0.0020822647394255754,
    0.001820894532856789,
    0.0018470597371676976,
    0.0018069305323421003,
    0.0016281975450568853,
    0.0016637639850972498,
    0.001359720569490356,
    0.0011864641230513759,
    0.0011440343155396824,
    0.0010855248181813179,
    0.0010833588380495364,
    0.0010374748467546987,
    0.0010159073826024666,
    0.0009385065288292838
  ],
  "val_loss": [
    0.029839824698865414,
    0.014505049120634795,
    0.01650147223845124,
    0.013094706740230323,
    0.014708089549094439,
    0.012016197852790355,
    0.011892437562346458,
    0.011281583178788423,
    0.01087555605918169,
    0.010885693319141864,
    0.012735542468726635,
    0.010152363311499357,
    0.013872002996504307,
    0.010884756594896317,
    0.01218140060082078,
    0.012033635564148427,
    0.010628649778664113,
    0.011236575990915298,
    0.010791047522798181,
    0.009782971488311887,
    0.00990601172670722,
    0.009923173300921916,
    0.010292519629001618,
    0.010129451658576727,
    0.010085554840043188,
    0.010183663154020906,
    0.010783485369756818,
    0.00988873578608036,
    0.01010396983474493,
    0.00982226999476552,
    0.009998090099543333,
    0.009977624472230672,
    0.01002763449214399,
    0.010175067279487849,
    0.010173952346667648
  ],
  "val_loss_w": [
    0.005678413482382893,
    0.004063873435370624,
    0.0033392113400623202,
    0.003281757514923811,
    0.0026215800317004323,
    0.0022350385901518167,
    0.00219316155416891,
    0.002663698373362422,
    0.0021611504489555955,
    0.0022953114472329616,
    0.002229694020934403,
    0.001956168457400054,
    0.0022217011894099413,
    0.0022090866696089506,
    0.002013356436509639,
    0.002088253491092473,
    0.001955035876017064,
    0.001930690254084766,
    0.001993890339508653,
    0.0018216680036857724,
    0.0018931623199023306,
    0.0018292038352228702,
    0.0018541325349360704,
    0.0018665062147192658,
    0.001792241947259754,
    0.0017772312741726637,
    0.0018302501877769828,
    0.0018185183173045516,
    0.0018555878545157612,
    0.0018213586183264852,
    0.0018784116837196052,
    0.0018473648349754512,
    0.001967796334065497,
    0.0019740280346013605,
    0.001972203585319221
  ],
  "val_loss_dei": [
    0.02416141051799059,
    0.01044117584824562,
    0.013162261154502631,
    0.009812949365004897,
    0.012086509587243199,
    0.009781159274280072,
    0.009699275949969888,
    0.008617884945124388,
    0.008714405680075287,
    0.008590381918475032,
    0.010505848564207554,
    0.0081961948890239,
    0.011650301795452834,
    0.008675669925287366,
    0.010168044129386544,
    0.009945381991565227,
    0.008673613891005516,
    0.009305885899811983,
    0.008797157183289528,
    0.007961303601041437,
    0.008012849371880293,
    0.00809396947734058,
    0.008438387094065547,
    0.008262945339083672,
    0.008293312881141901,
    0.008406431926414371,
    0.008953235298395156,
    0.008070217585191131,
    0.008248381968587636,
    0.008000911399722099,
    0.008119678450748324,
    0.008130259672179818,
    0.008059838274493813,
    0.008201039303094149,
    0.008201748738065362
  ],
  "val_dei_mae": [
    0.10652584234873454,
    0.06818395415941875,
    0.07965804258982341,
    0.0688866639137268,
    0.07030875523885091,
    0.06388798634211222,
    0.06394920428593953,
    0.06503488898277282,
    0.06449296156565348,
    0.06341375887393952,
    0.07223898073037466,
    0.06278803964455923,
    0.07050981799761455,
    0.0621422016620636,
    0.06604318300882975,
    0.07210747102896373,
    0.06271426479021708,
    0.06749842842419942,
    0.06261619647343954,
    0.059899165630340576,
    0.06048120001951853,
    0.06016375223795573,
    0.06066789448261261,
    0.0633452606201172,
    0.061464739640553795,
    0.06139313856760661,
    0.06259243806203206,
    0.06002812703450521,
    0.06036478877067566,
    0.06017474929491679,
    0.06073634147644043,
    0.06105357487996419,
    0.060912535190582276,
    0.061227241158485414,
    0.06113782008488973
  ],
  "lr": [
    0.001,
    0.001,
    0.001,
    0.001,
    0.001,
    0.001,
    0.001,
    0.001,
    0.001,
    0.001,
    0.001,
    0.001,
    0.001,
    0.001,
    0.001,
    0.001,
    0.001,
    0.001,
    0.0005,
    0.0005,
    0.0005,
    0.0005,
    0.0005,
    0.0005,
    0.0005,
    0.0005,
    0.00025,
    0.00025,
    0.00025,
    0.00025,
    0.00025,
    0.00025,
    0.00025,
    0.000125,
    0.000125
  ],
  "best_epoch": 20,
  "test_metrics": {
    "loss": 0.01020858222618699,
    "loss_w": 0.0018576979404315353,
    "loss_dei": 0.008350884169340133,
    "w_mse_per_sample": 0.017010264694690705,
    "dei_mae": 0.061571801702181496
  }
}