{
  "current_round": 3,
  "current_checkpoint": "active_learning_runs/al_pinn3c_v1/checkpoints/best_model_round_2.pt",
  "round_history": [],
  "baseline_metrics": {
    "mse_mean": 2.751448202798201e-05,
    "mae_mean": 0.0004698563742567785,
    "dei_error_mean": 0.4995796579055697,
    "mse_p95": 4.387255958135937e-05,
    "mae_p95": 0.00048253764980472625,
    "dei_error_p95": 0.9843404260604119,
    "mse_std": 9.542262303962197e-06,
    "mae_std": 1.1173682181478051e-05,
    "dei_error_std": 0.24313563803382857,
    "n_samples": 500,
    "high_exchange_n_samples": 83,
    "high_exchange_mse_mean": 2.5168534138864775e-05,
    "high_exchange_mae_mean": 0.0004700977230410888,
    "high_exchange_dei_error_mean": 0.459643735791403,
    "high_exchange_mse_p95": 4.4118065125076095e-05,
    "high_exchange_mae_p95": 0.00048243873752653596,
    "small_separation_n_samples": 500,
    "small_separation_mse_mean": 2.751448202798201e-05,
    "small_separation_mae_mean": 0.0004698563742567785,
    "small_separation_dei_error_mean": 0.4995796579055697,
    "small_separation_mse_p95": 4.387255958135937e-05,
    "small_separation_mae_p95": 0.00048253764980472625,
    "high_noise_n_samples": 144,
    "high_noise_mse_mean": 2.7953019052044208e-05,
    "high_noise_mae_mean": 0.00047060862885296554,
    "high_noise_dei_error_mean": 0.5156322394637222,
    "high_noise_mse_p95": 4.3592645852186245e-05,
    "high_noise_mae_p95": 0.0004825583440833725,
    "low_noise_n_samples": 93,
    "low_noise_mse_mean": 2.878795369538874e-05,
    "low_noise_mae_mean": 0.0004693091667372413,
    "low_noise_dei_error_mean": 0.513020613209397,
    "low_noise_mse_p95": 4.3670187733368944e-05,
    "low_noise_mae_p95": 0.00048183781909756364,
    "high_dei_n_samples": 91,
    "high_dei_mse_mean": 1.683702350499436e-05,
    "high_dei_mae_mean": 0.0004668437976871136,
    "high_dei_dei_error_mean": 0.4090083462990847,
    "high_dei_mse_p95": 2.4700610083527863e-05,
    "high_dei_mae_p95": 0.00048015844367910177,
    "low_dei_n_samples": 143,
    "low_dei_mse_mean": 3.302594432552342e-05,
    "low_dei_mae_mean": 0.0004718697829728855,
    "low_dei_dei_error_mean": 0.5313942715690383,
    "low_dei_mse_p95": 4.786825120390859e-05,
    "low_dei_mae_p95": 0.000482236995594576
  }
}